﻿"Cube Title","Product Id","CANSIM Id",URL,"Cube Notes","Archive Status",Frequency,"Start Reference Period","End Reference Period","Total number of dimensions"
"Job vacancies, payroll employees, and job vacancy rate by provinces and territories, monthly, unadjusted for seasonality","14100371",,"https://www150.statcan.gc.ca/t1/tbl1/en/tv.action?pid=1410037101",1;2;3,"CURRENT - a cube available to the public and that is current","Monthly","2015-04-01","2024-06-01","2",

"Dimension ID","Dimension name","Dimension Notes","Dimension Definitions"
"1","Geography",,""
"2","Statistics",,""

"Dimension ID","Member Name","Classification Code","Member ID","Parent Member ID",Terminated,"Member Notes","Member Definitions"
"1","Newfoundland and Labrador","[10]","2","1","",,
"1","Prince Edward Island","[11]","3","1","",,
"1","Nova Scotia","[12]","4","1","",,
"1","New Brunswick","[13]","5","1","",,
"1","Quebec","[24]","6","1","",,
"1","Ontario","[35]","7","1","",,
"1","Manitoba","[46]","8","1","",,
"1","Saskatchewan","[47]","9","1","",,
"1","Alberta","[48]","10","1","",,
"1","British Columbia","[59]","11","1","",,
"1","Yukon","[60]","12","1","",,
"1","Northwest Territories","[61]","13","1","",,
"1","Nunavut","[62]","14","1","",,
"1","Canada","[11124]","1","","",,
"2","Job vacancies","","1","","",4,
"2","Payroll employees","","3","","",5;7,
"2","Job vacancy rate","","4","","",6,

Symbol Legend
Description,Symbol
"not available for a specific reference period","..",
"less than the limit of detection","<LOD",
"value rounded to 0 (zero) where there is a meaningful distinction between true zero and the value that was rounded","0s",
"data quality: excellent","A",
"data quality: very good","B",
"data quality: good","C",
"data quality: acceptable","D",
"use with caution","E",
"too unreliable to be published","F",
"not applicable","...",
"preliminary","p",
"revised","r",
"suppressed to meet the confidentiality requirements of the Statistics Act","x",
"terminated","t",

"Survey Code","Survey Name"
"5217","Job Vacancy and Wage Survey"

"Subject Code","Subject Name"
"14","Labour"

"Note ID",Note
1,"Data quality indicators are based on the coefficient of variation (CV), the non-response errors, the imputation errors, and subject matter expertise: A – Excellent; B - Very good; C - Good; D – Acceptable; E - Use with caution; F - Too unreliable to publish."
2,"Estimates are preliminary before the associated quarterly data is released. The three monthly estimates in a quarter are revised as final when the quarterly estimates are released, or shortly after."
3,"Data for the second and third quarters of 2020 are unavailable due to some Statistics Canada operations being temporarily suspended during the COVID-19 pandemic."
4,"A job is vacant if it meets the following conditions: it is vacant on the reference date (first day of the month) or will become vacant during the month; there are tasks to be carried out during the month for the job in question; and the employer is actively seeking a worker outside the organization to fill the job. The jobs could be full-time, part-time, permanent, temporary, casual, or seasonal. Jobs reserved for subcontractors, external consultants, or other workers who are not considered employees, are excluded."
5,"The "employee" concept used in the Job Vacancy and Wage Survey (JVWS) is comprised of full-time employees, part-time employees, as well as permanent, casual, temporary, and seasonal employees. It also includes working owners, directors, partners, and other officers of incorporated businesses, as well as employees who work off site (for example, at home or on the road) but report to the location, and those employees on paid leave. The "employee" concept used in the JVWS is meant to exclude owners or partners of unincorporated businesses and professional practices, the self-employed, subcontractors, external consultants, unpaid family workers, persons working outside Canada, and military personnel. It also excludes employees on unpaid leave, such as those on extended sick leave who are receiving insurance benefits."
6,"The job vacancy rate is the number of job vacancies expressed as a percentage of labour demand; that is, all occupied and vacant jobs."
7,"The employment estimates from the Job Vacancy and Wage Survey (JVWS) are calibrated to corresponding employment estimates from the <a href="https://www23.statcan.gc.ca/imdb/p2SV.pl?Function=getSurvey&SDDS=2612">Survey of Employment, Payrolls and Hours</a> (SEPH), usually at the North American Industry Classification System sector (NAICS2) level by province. The reference period for JVWS is the first day of the month, which corresponds to the previous month for SEPH. Therefore, JVWS estimates for the current month are calibrated to SEPH estimates for the previous month. To improve timeliness of the preliminary JVWS estimates, they are calibrated to preliminary SEPH employment estimates. The final JVWS estimates are calibrated to final SEPH employment estimates. Users wishing to analyse employment data are advised to use the most current Labour Force Survey and SEPH estimates."

"Correction ID","Correction Date","Correction Note"
